{"mean": [-0.002281014109030366, 0.10289951413869858, 0.26987481117248535], "std": [0.7711929082870483, 0.7691177725791931, 0.8127370476722717]}